{"cameraMode":{"drawMode":0,"name":"Shaded","section":"Shading Mode"},"sceneLighting":true,"audioPlay":false,"sceneViewState":{"showFog":true,"showMaterialUpdate":false,"showSkybox":true,"showFlares":true,"showImageEffects":true,"showParticleSystems":true},"in2DMode":false,"pivot":{"x":-0.116973876953125,"y":0.03748643398284912,"z":-366.70001220703127},"rotation":{"x":0.014519448392093182,"y":0.9701184630393982,"z":-0.23463982343673707,"w":0.06003068760037422},"size":333.6839904785156,"orthographic":false}