{"cameraMode":{"drawMode":0,"name":"Shaded","section":"Shading Mode"},"sceneLighting":true,"audioPlay":false,"sceneViewState":{"showFog":true,"showMaterialUpdate":false,"showSkybox":true,"showFlares":true,"showImageEffects":true,"showParticleSystems":true},"in2DMode":false,"pivot":{"x":-5.678125858306885,"y":181.8211669921875,"z":-825.6539916992188},"rotation":{"x":0.021272752434015275,"y":0.9493546485900879,"z":-0.306524395942688,"w":0.06589751690626145},"size":19.48878288269043,"orthographic":false}