{"cameraMode":{"drawMode":0,"name":"Shaded","section":"Shading Mode"},"sceneLighting":true,"audioPlay":false,"sceneViewState":{"showFog":true,"showMaterialUpdate":false,"showSkybox":true,"showFlares":true,"showImageEffects":true,"showParticleSystems":true},"in2DMode":false,"pivot":{"x":0.720639705657959,"y":1.6030309200286866,"z":-5.101282596588135},"rotation":{"x":-0.14046284556388856,"y":0.25301140546798708,"z":-0.03715519607067108,"w":-0.9564930200576782},"size":2.22377347946167,"orthographic":false}