{"cameraMode":{"drawMode":0,"name":"Shaded","section":"Shading Mode"},"sceneLighting":true,"audioPlay":false,"sceneViewState":{"showFog":true,"showMaterialUpdate":false,"showSkybox":true,"showFlares":true,"showImageEffects":true,"showParticleSystems":true},"in2DMode":false,"pivot":{"x":-0.21348148584365846,"y":0.7265825271606445,"z":364.9142150878906},"rotation":{"x":-0.0022095353342592718,"y":0.9817982316017151,"z":-0.18964332342147828,"w":-0.011489073745906353},"size":3.866024971008301,"orthographic":false}