{"cameraMode":{"drawMode":0,"name":"Shaded","section":"Shading Mode"},"sceneLighting":true,"audioPlay":false,"sceneViewState":{"showFog":true,"showMaterialUpdate":false,"showSkybox":true,"showFlares":true,"showImageEffects":true,"showParticleSystems":true},"in2DMode":false,"pivot":{"x":-7.72581672668457,"y":-1.0550060272216797,"z":297.8666076660156},"rotation":{"x":0.14945469796657563,"y":0.846084475517273,"z":-0.3115423917770386,"w":0.40589308738708498},"size":6.198144435882568,"orthographic":false}